Feature,Importance
Fazekas,0.1764850365188112
age,0.14599471426875815
PS,0.10106476924190387
Global,0.09933175109259476
lac_count,0.07491331047100189
smoking,0.07005352758655864
EF,0.06536088605846554
educationyears,0.06253364116577897
hypertension,0.052328045717666256
study1_rundmc,0.035187502853503756
gender,0.0342726713716331
CMB_count,0.02726233123774391
diabetes,0.024222281452747664
hypercholesterolemia,0.01872859069450904
study1_scans,0.012260940268323053
