{
  "scaler": {
    "mean": {
      "age": 65.79398294343014,
      "gender": 0.5269709543568465,
      "educationyears": 11.202627939142461,
      "EF": -0.04220860885753804,
      "PS": -0.0678273945297372,
      "Global": -0.024967371174965426,
      "diabetes": 0.11964038727524205,
      "hypertension": 0.6749654218533887,
      "hypercholesterolemia": 0.7378976486860305,
      "smoking": 0.6466113416320886,
      "Fazekas": 1.3105117565698479,
      "lac_count": 0.2572614107883817,
      "CMB_count": 0.10857538035961273,
      "study1_rundmc": 0.26556016597510373,
      "study1_scans": 0.06846473029045644
    },
    "std": {
      "age": 8.95200893014581,
      "gender": 0.49927203769195894,
      "educationyears": 2.9969013519927965,
      "EF": 0.7387221541908946,
      "PS": 0.8055534801197441,
      "Global": 0.6219387338193721,
      "diabetes": 0.32454054447460357,
      "hypertension": 0.4683877679398404,
      "hypercholesterolemia": 0.4397780221312316,
      "smoking": 0.7078000493092743,
      "Fazekas": 0.7974632243935286,
      "lac_count": 0.6313056763372266,
      "CMB_count": 0.3111057169827937,
      "study1_rundmc": 0.44163102724149617,
      "study1_scans": 0.25254170150038885
    }
  },
  "lr": {
    "intercept": -1.0782102650555354,
    "coefficients": {
      "age": 0.8202398527050495,
      "gender": -0.015265546182003605,
      "educationyears": -0.18964748056325412,
      "Global": -0.5021702194991914,
      "diabetes": 0.18531920364742974,
      "hypertension": 0.28776692900109374,
      "hypercholesterolemia": 0.20119709313784548,
      "smoking": 0.21274133877158988,
      "Fazekas": 0.2588898431960546,
      "lac_count": 0.08518759876449507,
      "CMB_count": 0.2867824904918419,
      "study1_rundmc": 0.3139521076896272,
      "study1_scans": 0.058600634700529335
    }
  }
}